-- =====================================================
-- SCRIPT COMPLETO DE INSERÇÃO - PLANEAMENTO DE ESTIVA
-- SCHEMA ATUALIZADO COM channel_depth NA TABELA port
-- =====================================================

-- -----------------------------------------------------
-- COMPANY
-- -----------------------------------------------------
INSERT INTO company (id, name) VALUES
(1, 'Mediterranean Shipping Company (MSC)'),
(2, 'Transinsular - Grupo ETE'),
(3, 'Portline Bulk International'),
(4, 'CMA CGM Portugal'),
(5, 'Maersk Portugal'),
(6, 'Hapag-Lloyd Portugal'),
(7, 'Wallenius Wilhelmsen Solutions (RoRo)'),
(8, 'Kuehne + Nagel Maritime Logistics'),
(9, 'DB Schenker Maritime Services'),
(10, 'DSV Ocean Transport'),
(11, 'Grimaldi Group (RoRo & Car Carrier)'),
(12, 'Atlantic Container Line (ACL)'),
(13, 'Noatum Maritime Portugal'),
(14, 'Sogester - Terminal & Logistics Operator');

-- -----------------------------------------------------
-- SHIP_TYPE
-- -----------------------------------------------------
INSERT INTO ship_type (id, name, description) VALUES
(1, 'Porta-contentores', 'Transporte de contentores normalizados.'),
(2, 'Graneleiro de granéis sólidos', 'Transporte de cargas sólidas a granel (minério, carvão, cereais).'),
(3, 'Petroleiro / granéis líquidos', 'Transporte de petróleo e derivados líquidos.'),
(4, 'Navio químico', 'Transporte de produtos químicos líquidos.'),
(5, 'Navio gaseiro (GNL/GPL)', 'Transporte de gases liquefeitos (GNL/GPL).'),
(6, 'Carga geral / breakbulk', 'Transporte de carga não unitizada (máquinas, aço, madeira).'),
(7, 'Ro-Ro (Roll-on/Roll-off)', 'Transporte de veículos e carga rolante por rampas.'),
(8, 'Heavy-lift / carga de projeto', 'Transporte de cargas pesadas ou de grandes dimensões.');

-- -----------------------------------------------------
-- FUEL_EFFICIENCY
-- -----------------------------------------------------
INSERT INTO fuel_efficiency (id, name, fuel_consumption_t_per_day) VALUES
(1, 'Consumo médio — linha contentores', 42.50),
(2, 'Consumo médio — tanqueiro', 38.00),
(3, 'Alta eficiência — eco design', 28.50),
(4, 'Consumo elevado — navio mais antigo', 65.00),
(5, 'Média eficiência — feeder', 18.20),
(6, 'Baixo consumo — navio pequeno', 12.00),
(7, 'Alto consumo — grande graneleiro', 55.00);

-- -----------------------------------------------------
-- WEATHER_CONDITION
-- -----------------------------------------------------
INSERT INTO weather_condition (id, name) VALUES
(1, 'Bom'),
(2, 'Moderado'),
(3, 'Mau');

-- -----------------------------------------------------
-- TANK_TYPE
-- -----------------------------------------------------
INSERT INTO tank_type (id, code, name) VALUES
(1, 'BALLAST', 'Lastro'),
(2, 'FUEL', 'Combustível'),
(3, 'FW', 'Água doce'),
(4, 'LIQUID_CARGO', 'Carga líquida'),
(5, 'LUBE_OIL', 'Óleo lubrificante'),
(6, 'SLUDGE', 'Lamas'),
(7, 'CHEMICAL', 'Produto químico'),
(8, 'BUNKER', 'Bunker C');

-- -----------------------------------------------------
-- ROUTE
-- -----------------------------------------------------
INSERT INTO route (id, name, distance_nm, frequency_days) VALUES
(1, 'Rotterdam — Leixões', 950.00, 15),
(2, 'Sines — Rotterdam', 1100.00, 7),
(3, 'Rotterdam — Sines', 2650.00, 21),
(4, 'Leixões — Lisboa — Algeciras', 580.00, 10),
(5, 'Sines — Luanda', 3850.00, 30),
(6, 'Leixões — Southampton — Hamburgo', 1250.00, 14),
(7, 'Lisboa — Funchal — Santa Cruz (Tenerife)', 680.00, 7),
(8, 'Sines — Houston (EUA)', 4200.00, 35),
(9, 'Rotterdam — Sines — Durban', 6540.00, 45),
(10, 'Leixões — Santos (Brasil)', 4650.00, 28),
(11, 'Rotterdam — Gdansk — São Petersburgo', 1120.00, 12),
(12, 'Valência — Barcelona — Génova', 450.00, 5);

-- -----------------------------------------------------
-- PORT (com channel_depth adicionado)
-- -----------------------------------------------------
INSERT INTO port (id, name, country, latitude, longitude, max_draft, channel_depth, max_ship_length, tidal_restrictions, description) VALUES
(1, 'Rotterdam', 'Países Baixos', 51.9225000, 4.4791700, 20.00, 24.00, 400.00, 1, 'Maior porto da Europa, hub de contentores'),
(2, 'Leixões', 'Portugal', 41.1833333, -8.7000000, 16.00, 18.00, 350.00, 0, 'Principal porto do norte de Portugal'),
(3, 'Sines', 'Portugal', 37.9500000, -8.8666667, 21.00, 25.00, 400.00, 0, 'Terminal de águas profundas e líquidos'),
(4, 'Hamburgo', 'Alemanha', 53.5419444, 9.9961111, 16.50, 18.50, 400.00, 0, 'Hub Norte da Europa'),
(5, 'Antuérpia', 'Bélgica', 51.2300000, 4.4000000, 17.50, 18.50, 430.00, 0, 'Maior porto de contentores da Europa'),
(6, 'Lisboa', 'Portugal', 38.7166700, -9.1333300, 15.50, 17.00, 350.00, 1, 'Porto da capital portuguesa'),
(7, 'Algeciras', 'Espanha', 36.1288889, -5.4436111, 22.00, 24.00, 420.00, 0, 'Porto estratégico no estreito de Gibraltar'),
(8, 'Valência', 'Espanha', 39.4597222, -0.3169444, 18.00, 20.00, 400.00, 0, 'Principal porto contentores de Espanha'),
(9, 'Barcelona', 'Espanha', 41.3472222, 2.1566667, 17.50, 19.00, 400.00, 0, 'Porto da capital da Catalunha'),
(10, 'Génova', 'Itália', 44.4122222, 8.9288889, 15.00, 16.50, 350.00, 1, 'Principal porto italiano'),
(11, 'Southampton', 'Reino Unido', 50.8952778, -1.4022222, 17.00, 18.00, 400.00, 1, 'Porto no sul de Inglaterra'),
(12, 'Luanda', 'Angola', -8.7688889, 13.2786111, 16.00, 17.50, 350.00, 0, 'Principal porto angolano'),
(13, 'Houston', 'EUA', 29.7600000, -95.3700000, 15.00, 16.00, 305.00, 0, 'Porto do Texas, especializado em petróleo'),
(14, 'Santos', 'Brasil', -23.9600000, -46.3300000, 15.00, 16.50, 350.00, 1, 'Maior porto da América Latina'),
(15, 'Durban', 'África do Sul', -29.8800000, 31.0300000, 19.00, 21.00, 370.00, 1, 'Principal porto sul-africano'),
(16, 'Funchal', 'Portugal', 32.6500000, -16.9166700, 11.00, 12.00, 280.00, 0, 'Porto da Madeira'),
(17, 'Santa Cruz', 'Espanha', 28.4688889, -16.2544444, 15.00, 16.00, 350.00, 0, 'Porto de Tenerife, Canárias'),
(18, 'Gdansk', 'Polónia', 54.3947222, 18.6561111, 15.50, 17.00, 380.00, 0, 'Principal porto polaco'),
(19, 'São Petersburgo', 'Rússia', 59.9311111, 30.3075000, 13.00, 14.00, 320.00, 1, 'Porto russo no Báltico'),
(20, 'Setúbal', 'Portugal', 38.5175000, -8.8938889, 14.00, 15.00, 300.00, 1, 'Porto industrial a sul de Lisboa'),
(21, 'Aveiro', 'Portugal', 40.6458333, -8.7486111, 9.50, 10.50, 250.00, 1, 'Porto da região centro'),
(22, 'Portimão', 'Portugal', 37.1186111, -8.5255556, 10.00, 11.00, 200.00, 1, 'Porto do Algarve');

-- -----------------------------------------------------
-- ROUTE_PORT
-- -----------------------------------------------------
INSERT INTO route_port (id, id_route, id_port, port_order) VALUES
-- Rota 1: Rotterdam - Leixões
(1, 1, 1, 1), (2, 1, 2, 2),
-- Rota 2: Sines - Rotterdam
(3, 2, 3, 1), (4, 2, 1, 2),
-- Rota 3: Rotterdam - Sines (longa)
(5, 3, 1, 1), (6, 3, 4, 2), (7, 3, 5, 3), (8, 3, 2, 4), (9, 3, 3, 5),
-- Rota 4: Leixões - Lisboa - Algeciras
(10, 4, 2, 1), (11, 4, 6, 2), (12, 4, 7, 3),
-- Rota 5: Sines - Luanda
(13, 5, 3, 1), (14, 5, 12, 2),
-- Rota 6: Leixões - Southampton - Hamburgo
(15, 6, 2, 1), (16, 6, 11, 2), (17, 6, 4, 3),
-- Rota 7: Lisboa - Funchal - Santa Cruz
(18, 7, 6, 1), (19, 7, 16, 2), (20, 7, 17, 3),
-- Rota 8: Sines - Houston
(21, 8, 3, 1), (22, 8, 13, 2),
-- Rota 9: Rotterdam - Sines - Durban
(23, 9, 1, 1), (24, 9, 3, 2), (25, 9, 15, 3),
-- Rota 10: Leixões - Santos
(26, 10, 2, 1), (27, 10, 14, 2),
-- Rota 11: Rotterdam - Gdansk - São Petersburgo
(28, 11, 1, 1), (29, 11, 18, 2), (30, 11, 19, 3),
-- Rota 12: Valência - Barcelona - Génova
(31, 12, 8, 1), (32, 12, 9, 2), (33, 12, 10, 3);

-- -----------------------------------------------------
-- PORT_FEES
-- -----------------------------------------------------
INSERT INTO port_fees (id, id_port, name, price) VALUES
(1, 1, 'Taxa atracação', 12500.00),
(2, 2, 'Taxa atracação', 9800.00),
(3, 3, 'Taxa terminal líquidos', 15200.00),
(4, 4, 'Taxa atracação', 14200.00),
(5, 5, 'Taxa atracação', 16800.00),
(6, 6, 'Taxa atracação', 8700.00),
(7, 7, 'Taxa atracação', 13500.00),
(8, 8, 'Taxa atracação', 11800.00),
(9, 9, 'Taxa atracação', 12500.00),
(10, 10, 'Taxa atracação', 11200.00),
(11, 11, 'Taxa atracação', 14500.00),
(12, 12, 'Taxa atracação', 15600.00),
(13, 13, 'Taxa atracação', 18900.00),
(14, 14, 'Taxa atracação', 13200.00),
(15, 15, 'Taxa atracação', 14300.00),
(16, 16, 'Taxa atracação', 5200.00),
(17, 17, 'Taxa atracação', 7800.00),
(18, 18, 'Taxa atracação', 10500.00),
(19, 19, 'Taxa atracação', 9600.00),
(20, 3, 'Taxa de amarração', 2500.00),
(21, 3, 'Taxa de pilotagem', 1800.00),
(22, 2, 'Taxa de resíduos', 750.00);

-- -----------------------------------------------------
-- CARGO_TYPE
-- -----------------------------------------------------
INSERT INTO cargo_type (id, name, need_container, description) VALUES
(1, 'Contentor seco', 1, 'Seca em contentor'),
(2, 'Contentor refrigerado', 1, 'Reefer (temperatura controlada)'),
(3, 'DANGEROUS CONTAINER', 1, 'ADR / IMDG em contentor'),
(4, 'LIQUID BULK', 0, 'Líquido a granel (tanques)'),
(5, 'DRY BULK', 0, 'Granel sólido'),
(6, 'RO RO CARGO', 0, 'Carga Roll-on/Roll-off'),
(7, 'PROJECT CARGO', 0, 'Carga de projecto (oversize)'),
(8, 'GAS BULK', 0, 'Gás liquefeito (LNG/LPG)');

-- -----------------------------------------------------
-- CARGO
-- -----------------------------------------------------
INSERT INTO cargo (id, id_cargo_type, cargo_name, weight, volume, priority, imdg_class, temperature_required, quantity, unit) VALUES
-- Contentores secos
(1, 1, 'Peças automóveis — lote A', 22.50, 68.00, 1, 'N/A', NULL, 22.5000, 't'),
(2, 1, 'Têxteis embalados', 18.20, 55.00, 2, 'N/A', NULL, 18.2000, 't'),
(3, 1, 'Mobiliário flat-pack', 16.00, 62.00, 3, 'N/A', NULL, 800.0000, 'm3'),
(16, 1, 'Eletrónicos e componentes', 15.50, 70.00, 1, 'N/A', NULL, 15.5000, 't'),
(17, 1, 'Calçado português', 12.80, 58.00, 2, 'N/A', NULL, 12.8000, 't'),
(18, 1, 'Cortiça embalada', 8.50, 85.00, 2, 'N/A', NULL, 8.5000, 't'),
(19, 1, 'Vidro e cristal', 24.00, 52.00, 1, 'N/A', NULL, 24.0000, 't'),
(20, 1, 'Máquinas industriais', 28.00, 45.00, 1, 'N/A', NULL, 28.0000, 't'),
(21, 1, 'Papel e celulose', 20.50, 72.00, 3, 'N/A', NULL, 20.5000, 't'),
(22, 1, 'Borracha', 19.80, 60.00, 2, 'N/A', NULL, 19.8000, 't'),
(23, 1, 'Cerâmica e azulejos', 26.50, 48.00, 1, 'N/A', NULL, 26.5000, 't'),
(24, 1, 'Plásticos granulados', 14.20, 75.00, 3, 'N/A', NULL, 14.2000, 't'),

-- Reefer
(4, 2, 'Carnes congeladas', 20.10, 65.00, 1, 'N/A', -25.00, 20.1000, 't'),
(5, 2, 'Fruta refrigerada', 19.40, 64.00, 2, 'N/A', 2.00, 19.4000, 't'),
(6, 2, 'Lacticínios +4 °C', 17.80, 60.00, 2, 'N/A', 4.00, 17.8000, 't'),
(25, 2, 'Peixe congelado', 21.50, 66.00, 1, 'N/A', -20.00, 21.5000, 't'),
(26, 2, 'Sorvetes', 16.00, 70.00, 1, 'N/A', -25.00, 16.0000, 't'),
(27, 2, 'Produtos farmacêuticos', 14.00, 55.00, 1, 'N/A', 5.00, 14.0000, 't'),
(28, 2, 'Flores frescas', 8.50, 80.00, 2, 'N/A', 4.00, 8.5000, 't'),
(29, 2, 'Sumos concentrados', 22.00, 58.00, 2, 'N/A', -10.00, 22.0000, 't'),

-- Carga perigosa em contentor
(7, 3, 'Solventes orgânicos', 24.00, 66.00, 1, '3', NULL, 24.0000, 't'),
(8, 3, 'Hipoclorito de sódio', 21.50, 60.00, 2, '8', NULL, 21.5000, 't'),
(9, 3, 'Aerossóis UN1950', 15.00, 50.00, 3, '2.1', NULL, 12000.0000, 'un'),
(10, 3, 'Pesticidas classe 6.1', 22.00, 62.00, 1, '6.1', NULL, 22.0000, 't'),
(30, 3, 'Peróxidos orgânicos', 18.00, 55.00, 1, '5.2', NULL, 18.0000, 't'),
(31, 3, 'Baterias de lítio', 12.50, 45.00, 2, '9', NULL, 12.5000, 't'),
(32, 3, 'Resinas inflamáveis', 23.00, 60.00, 2, '3', NULL, 23.0000, 't'),
(33, 3, 'Material radioativo', 5.00, 30.00, 1, '7', NULL, 5.0000, 't'),

-- Líquidos a granel
(11, 4, 'CPP — parcela Rotterdam A', 8500.00, 10000.00, 1, 'N/A', NULL, 10000.0000, 'm3'),
(12, 4, 'CPP — parcela Rotterdam B', 6400.00, 7500.00, 2, 'N/A', NULL, 7500.0000, 'm3'),
(13, 4, 'Nafta leve', 3200.00, 4000.00, 1, '3', NULL, 4000.0000, 'm3'),
(14, 4, 'Gasóleo marítimo MGO', 2100.00, 2500.00, 2, 'N/A', NULL, 2500.0000, 'm3'),
(15, 4, 'Óleo base lubrificante', 1800.00, 2000.00, 3, 'N/A', NULL, 2000.0000, 'm3'),
(34, 4, 'Gasolina 95', 6800.00, 8000.00, 1, '3', NULL, 8000.0000, 'm3'),
(35, 4, 'Querosene de aviação', 7500.00, 9000.00, 1, '3', NULL, 9000.0000, 'm3'),
(36, 4, 'Etanol anidro', 5600.00, 7000.00, 2, '3', NULL, 7000.0000, 'm3'),
(37, 4, 'Ácido sulfúrico', 18400.00, 10000.00, 1, '8', NULL, 10000.0000, 'm3'),
(38, 4, 'Soda cáustica', 13500.00, 8500.00, 1, '8', NULL, 8500.0000, 'm3'),

-- Granel sólido
(39, 5, 'Cereais (trigo)', 25000.00, 35000.00, 2, 'N/A', NULL, 25000.0000, 't'),
(40, 5, 'Minério de ferro', 45000.00, 25000.00, 1, 'N/A', NULL, 45000.0000, 't'),
(41, 5, 'Carvão', 35000.00, 40000.00, 2, 'N/A', NULL, 35000.0000, 't'),
(42, 5, 'Cimento', 28000.00, 22000.00, 1, 'N/A', NULL, 28000.0000, 't'),

-- Carga Ro-Ro
(43, 6, 'Tratores agrícolas', 45.00, 120.00, 1, 'N/A', NULL, 45.0000, 't'),
(44, 6, 'Contentores refrigerados em chassis', 28.00, 70.00, 2, 'N/A', -18.00, 28.0000, 't'),
(45, 6, 'Autocarros usados', 38.00, 150.00, 2, 'N/A', NULL, 38.0000, 't'),
(46, 6, 'Veículos todo-o-terreno 4x4', 8.50, 30.00, 3, 'N/A', NULL, 1700.0000, 'un'),

-- Carga de projecto
(47, 7, 'Pás eólicas', 65.00, 450.00, 1, 'N/A', NULL, 65.0000, 't'),
(48, 7, 'Gerador industrial', 120.00, 280.00, 1, 'N/A', NULL, 120.0000, 't'),
(49, 7, 'Transformador elétrico', 95.00, 180.00, 1, 'N/A', NULL, 95.0000, 't'),

-- Gás
(50, 8, 'Gás natural liquefeito (LNG)', 35000.00, 80000.00, 1, '2.1', -162.00, 80000.0000, 'm3'),
(51, 8, 'Gás de petróleo liquefeito (LPG)', 25000.00, 55000.00, 1, '2.1', NULL, 55000.0000, 'm3');

-- -----------------------------------------------------
-- CONTAINER_TYPE
-- -----------------------------------------------------
INSERT INTO container_type (id, name, length, width, height, max_weight) VALUES
(1, '40'' HC', 12.20, 2.44, 2.90, 30.48),
(2, '20'' Dry', 6.06, 2.44, 2.59, 28.00),
(3, '40'' Dry', 12.20, 2.44, 2.59, 30.48),
(4, '20'' Reefer', 5.90, 2.44, 2.59, 27.00),
(5, '40'' HC Reefer', 12.20, 2.44, 2.90, 30.00),
(6, '20'' Open Top', 6.06, 2.44, 2.59, 25.00),
(7, '40'' Flat Rack', 12.20, 2.44, 2.59, 40.00),
(8, '45'' HC Pallet Wide', 13.72, 2.50, 2.90, 32.00);

-- -----------------------------------------------------
-- SHIP (Navios)
-- -----------------------------------------------------

-- Navio 1: Porta-contentores
INSERT INTO ship (
    id, id_company, id_ship_type, id_fuel_efficiency,
    name, built_year, imo_number,
    gt, dwt, height, length, width, max_draft,
    crew_size, ukc_margin,
    max_bending_moment, max_shear_force,
    speed_knots, description,
    lightweight, lcg, vcg, tcg,
    gm_min_admissible, max_trim_meters, max_trim_percent_loa,
    max_list_angle_deg, default_water_density_kg_m3
) VALUES

-- 1. Porta-contentores (Ever Ace)
(1, 1, 1, 1,
'Ever Ace', 2021, '9893890',
235579, 235579, 78.0, 400.0, 61.5, 16.0,
25, 1.0,
950000.00, 780000.00,
22.0, 'Ultra large container ship (23k+ TEU)',
95000.00, 200.0000, 32.0000, 0.0000,
1.5000, 2.5, 0.625,
12.00, 1025.00),

-- 2. Graneleiro (Vale Brasil)
(2, 1, 2, 1,
'Vale Brasil', 2011, '9488918',
198980, 400000, 68.0, 362.0, 65.0, 23.0,
30, 1.0,
1200000.00, 900000.00,
14.5, 'Very large ore carrier (iron ore)',
115000.00, 180.0000, 28.0000, 0.0000,
1.8000, 3.0, 0.828,
10.00, 1025.00),

-- 3. Petroleiro (TI Europe)
(3, 1, 3, 1,
'TI Europe', 2002, '9235268',
234006, 441585, 68.0, 380.0, 68.0, 24.5,
30, 1.0,
1500000.00, 1100000.00,
16.0, 'ULCC crude oil tanker',
120000.00, 190.0000, 30.0000, 0.0000,
1.9000, 3.5, 0.921,
12.00, 1025.00),

-- 4. Navio químico (Stolt Sapphire)
(4, 1, 4, 1,
'Stolt Sapphire', 2010, '8309531',
50000, 75000, 40.0, 225.0, 32.2, 12.5,
22, 1.0,
300000.00, 220000.00,
15.0, 'Chemical tanker for IMO cargoes',
15000.00, 120.0000, 15.0000, 0.0000,
1.4000, 2.0, 0.889,
10.00, 1025.00),

-- 5. Gaseiro LNG (Q-Max)
(5, 1, 5, 1,
'Al Samriya', 2009, '9388821',
162000, 266000, 55.0, 345.0, 53.8, 12.0,
35, 1.0,
500000.00, 400000.00,
19.5, 'Q-Max LNG carrier',
100000.00, 170.0000, 25.0000, 0.0000,
2.0000, 2.5, 0.725,
10.00, 1025.00),

-- 6. Carga geral (BBC Houston)
(6, 1, 6, 1,
'BBC Houston', 2008, '9885295',
12000, 18000, 25.0, 140.0, 21.0, 7.5,
18, 1.0,
90000.00, 70000.00,
12.5, 'General cargo multipurpose vessel',
6000.00, 80.0000, 10.0000, 0.0000,
1.2000, 1.5, 1.071,
8.00, 1025.00),

-- 7. Ro-Ro (Hoegh Trapper)
(7, 1, 7, 1,
'Hoegh Trapper', 2015, '9706918',
75000, 20000, 60.0, 200.0, 36.5, 9.5,
20, 1.0,
200000.00, 150000.00,
18.0, 'Pure car and truck carrier (PCTC)',
30000.00, 110.0000, 20.0000, 0.0000,
1.3000, 2.0, 1.000,
10.00, 1025.00),

-- 8. Heavy lift (Pioneering Spirit)
(8, 1, 8, 1,
'Pioneering Spirit', 2016, '9593505',
403342, 900000, 95.0, 382.0, 124.0, 10.0,
50, 1.0,
2000000.00, 1500000.00,
14.0, 'Heavy lift offshore installation vessel',
200000.00, 200.0000, 35.0000, 0.0000,
2.5000, 1.0, 0.262,
5.00, 1025.00);

-- -----------------------------------------------------
-- TANK (Navio 1)
-- -----------------------------------------------------
INSERT INTO tank (id, id_ship, id_tank_type, name, capacity_m3, lcv, vcv, tcv) VALUES
(1, 1, 1, 'Alpha — lastro central', 2500.0000, -5.0000, 3.2000, 0.0000),
(2, 1, 2, 'Alpha — MGO', 1200.0000, 12.0000, 2.8000, 1.2000);

-- -----------------------------------------------------
-- TANK (Navio 2)
-- -----------------------------------------------------
INSERT INTO tank (id, id_ship, id_tank_type, name, capacity_m3, lcv, vcv, tcv) VALUES
(3, 2, 1, 'Beta — lastro 1', 4200.0000, -35.0000, 3.0000, 0.0000),
(4, 2, 2, 'Beta — fuelóleo', 2100.0000, 18.0000, 2.6000, 0.8000),
(5, 2, 4, 'Beta — carga líquida centro', 12000.0000, 5.0000, 4.5000, 0.0000),
(6, 2, 4, 'Beta — carga líquida popa', 9500.0000, 45.0000, 4.2000, 0.0000),
(7, 2, 4, 'Beta — carga líquida proa', 3500.0000, -28.0000, 4.0000, 0.0000);

-- -----------------------------------------------------
-- TANK (Navio 3 - Petroleiro)
-- -----------------------------------------------------
INSERT INTO tank (id, id_ship, id_tank_type, name, capacity_m3, lcv, vcv, tcv) VALUES
(8, 3, 1, 'Atlantic — lastro central', 2800.0000, -8.0000, 3.5000, 0.0000),
(9, 3, 1, 'Atlantic — lastro lateral E', 1800.0000, -3.0000, 3.5000, -8.0000),
(10, 3, 1, 'Atlantic — lastro lateral W', 1800.0000, -3.0000, 3.5000, 8.0000),
(11, 3, 2, 'Atlantic — MGO', 950.0000, 15.0000, 2.5000, 2.5000),
(12, 3, 3, 'Atlantic — água doce', 250.0000, -5.0000, 6.2000, 0.0000),
(37, 3, 4, 'Atlantic — crude oil 1', 50000.0000, -20.0000, 8.0000, 0.0000),
(38, 3, 4, 'Atlantic — crude oil 2', 50000.0000, 10.0000, 8.0000, 0.0000);

-- -----------------------------------------------------
-- TANK (Navio 4 - Graneleiro)
-- -----------------------------------------------------
INSERT INTO tank (id, id_ship, id_tank_type, name, capacity_m3, lcv, vcv, tcv) VALUES
(13, 4, 1, 'Bulk — lastro fundo central', 6500.0000, -15.5000, 2.8000, 0.0000),
(14, 4, 1, 'Bulk — lastro lateral E1', 2200.0000, -8.0000, 3.2000, -9.5000),
(15, 4, 1, 'Bulk — lastro lateral W1', 2200.0000, -8.0000, 3.2000, 9.5000),
(16, 4, 1, 'Bulk — lastro lateral E2', 1800.0000, 22.0000, 3.2000, -9.5000),
(17, 4, 1, 'Bulk — lastro lateral W2', 1800.0000, 22.0000, 3.2000, 9.5000),
(18, 4, 2, 'Bulk — fuelóleo', 1850.0000, 28.5000, 2.2000, 3.2000),
(19, 4, 3, 'Bulk — água doce', 450.0000, -8.0000, 7.8000, 0.0000),
(39, 4, 7, 'Bulk — chemical 1', 8000.0000, -10.0000, 5.0000, 0.0000),
(40, 4, 7, 'Bulk — chemical 2', 6000.0000, 15.0000, 5.0000, 0.0000);

-- -----------------------------------------------------
-- TANK (Navio 5 - PCTC)
-- -----------------------------------------------------
INSERT INTO tank (id, id_ship, id_tank_type, name, capacity_m3, lcv, vcv, tcv) VALUES
(20, 5, 1, 'Auto — lastro duplo fundo', 4500.0000, -12.0000, 2.5000, 0.0000),
(21, 5, 2, 'Auto — MGO', 1200.0000, 10.5000, 3.8000, 4.0000),
(22, 5, 3, 'Auto — água doce', 320.0000, -6.0000, 9.2000, 0.0000);

-- -----------------------------------------------------
-- TANK (Navio 6 - LNG)
-- -----------------------------------------------------
INSERT INTO tank (id, id_ship, id_tank_type, name, capacity_m3, lcv, vcv, tcv) VALUES
(23, 6, 1, 'LNG — lastro central', 12000.0000, -45.0000, 5.2000, 0.0000),
(24, 6, 1, 'LNG — lastro lateral E', 5800.0000, -20.0000, 5.2000, -12.0000),
(25, 6, 1, 'LNG — lastro lateral W', 5800.0000, -20.0000, 5.2000, 12.0000),
(26, 6, 2, 'LNG — fuelóleo', 3200.0000, 25.0000, 4.8000, 0.0000),
(27, 6, 4, 'LNG — tanque cargo 1', 40000.0000, -35.0000, 10.5000, 0.0000),
(28, 6, 4, 'LNG — tanque cargo 2', 40000.0000, 15.0000, 10.5000, 0.0000);

-- -----------------------------------------------------
-- TANK (Navio 7 - Feeder)
-- -----------------------------------------------------
INSERT INTO tank (id, id_ship, id_tank_type, name, capacity_m3, lcv, vcv, tcv) VALUES
(29, 7, 1, 'Feeder — lastro duplo fundo', 2200.0000, -6.5000, 2.2000, 0.0000),
(30, 7, 2, 'Feeder — MGO', 450.0000, 8.0000, 2.5000, 1.2000),
(31, 7, 3, 'Feeder — água doce', 120.0000, -3.0000, 5.5000, 0.0000);

-- -----------------------------------------------------
-- TANK (Navio 8 - Heavy-lift)
-- -----------------------------------------------------
INSERT INTO tank (id, id_ship, id_tank_type, name, capacity_m3, lcv, vcv, tcv) VALUES
(32, 8, 1, 'Heavy — lastro central', 8000.0000, -20.0000, 4.5000, 0.0000),
(33, 8, 1, 'Heavy — lastro lateral E', 4500.0000, -10.0000, 4.5000, -15.0000),
(34, 8, 1, 'Heavy — lastro lateral W', 4500.0000, -10.0000, 4.5000, 15.0000),
(35, 8, 2, 'Heavy — fuelóleo', 2500.0000, 25.0000, 3.2000, 5.0000),
(36, 8, 3, 'Heavy — água doce', 800.0000, -15.0000, 8.5000, 0.0000);

-- -----------------------------------------------------
-- TANK_FILL_CURVE
-- -----------------------------------------------------
INSERT INTO tank_fill_curve (id, id_tank, level_m, volume_m3) VALUES
(1, 1, 0.0000, 0.000), (2, 1, 2.5000, 800.000), (3, 1, 5.0000, 1800.000), (4, 1, 7.8000, 2500.000),
(5, 2, 0.0000, 0.000), (6, 2, 1.2000, 400.000), (7, 2, 2.4000, 1200.000),

(8, 3, 0.0000, 0.000), (9, 3, 4.0000, 2000.000), (10, 3, 8.5000, 4200.000),
(11, 4, 0.0000, 0.000), (12, 4, 2.0000, 1050.000), (13, 4, 4.0000, 2100.000),
(14, 5, 0.0000, 0.000), (15, 5, 5.0000, 5000.000), (16, 5, 10.0000, 12000.000),
(17, 6, 0.0000, 0.000), (18, 6, 4.0000, 4500.000), (19, 6, 8.1000, 9500.000),
(32, 7, 0.0000, 0.000), (33, 7, 3.0000, 1500.000), (34, 7, 6.2000, 3500.000),

(100, 8, 0.0000, 0.000), (101, 8, 3.5000, 1400.000), (102, 8, 7.0000, 2800.000),
(103, 9, 0.0000, 0.000), (104, 9, 3.0000, 900.000), (105, 9, 6.0000, 1800.000),
(106, 10, 0.0000, 0.000), (107, 10, 3.0000, 900.000), (108, 10, 6.0000, 1800.000),
(109, 11, 0.0000, 0.000), (110, 11, 2.5000, 475.000), (111, 11, 5.0000, 950.000),
(112, 12, 0.0000, 0.000), (113, 12, 1.5000, 125.000), (114, 12, 3.0000, 250.000),

(142, 37, 0.0000, 0.000), (143, 37, 10.0000, 25000.000), (144, 37, 20.0000, 50000.000),
(145, 38, 0.0000, 0.000), (146, 38, 10.0000, 25000.000), (147, 38, 20.0000, 50000.000),

(148, 13, 0.0000, 0.000), (149, 13, 4.0000, 3250.000), (150, 13, 8.0000, 6500.000),
(151, 14, 0.0000, 0.000), (152, 14, 3.0000, 1100.000), (153, 14, 6.0000, 2200.000),
(154, 15, 0.0000, 0.000), (155, 15, 3.0000, 1100.000), (156, 15, 6.0000, 2200.000),
(157, 16, 0.0000, 0.000), (158, 16, 2.5000, 900.000), (159, 16, 5.0000, 1800.000),
(160, 17, 0.0000, 0.000), (161, 17, 2.5000, 900.000), (162, 17, 5.0000, 1800.000),
(163, 18, 0.0000, 0.000), (164, 18, 2.5000, 925.000), (165, 18, 5.0000, 1850.000),
(166, 19, 0.0000, 0.000), (167, 19, 1.8000, 225.000), (168, 19, 3.6000, 450.000),

(169, 39, 0.0000, 0.000), (170, 39, 4.0000, 4000.000), (171, 39, 8.0000, 8000.000),
(172, 40, 0.0000, 0.000), (173, 40, 3.0000, 3000.000), (174, 40, 6.0000, 6000.000),
(115, 20, 0.0000, 0.000), (116, 20, 3.0000, 2250.000), (117, 20, 6.0000, 4500.000),
(118, 21, 0.0000, 0.000), (119, 21, 2.0000, 600.000), (120, 21, 4.0000, 1200.000),
(121, 22, 0.0000, 0.000), (122, 22, 1.5000, 160.000), (123, 22, 3.0000, 320.000),
(124, 23, 0.0000, 0.000), (125, 23, 4.0000, 6000.000), (126, 23, 8.0000, 12000.000),
(127, 24, 0.0000, 0.000), (128, 24, 3.5000, 2900.000), (129, 24, 7.0000, 5800.000),
(130, 25, 0.0000, 0.000), (131, 25, 3.5000, 2900.000), (132, 25, 7.0000, 5800.000),
(133, 26, 0.0000, 0.000), (134, 26, 2.5000, 1600.000), (135, 26, 5.0000, 3200.000),
(136, 27, 0.0000, 0.000), (137, 27, 8.0000, 20000.000), (138, 27, 16.0000, 40000.000),
(139, 28, 0.0000, 0.000), (140, 28, 8.0000, 20000.000), (141, 28, 16.0000, 40000.000),
(175, 29, 0.0000, 0.000), (176, 29, 2.5000, 1100.000), (177, 29, 5.0000, 2200.000),
(178, 30, 0.0000, 0.000), (179, 30, 1.8000, 225.000), (180, 30, 3.6000, 450.000),
(181, 31, 0.0000, 0.000), (182, 31, 1.0000, 60.000), (183, 31, 2.0000, 120.000),
(184, 32, 0.0000, 0.000), (185, 32, 4.0000, 4000.000), (186, 32, 8.0000, 8000.000),
(187, 33, 0.0000, 0.000), (188, 33, 3.0000, 2250.000), (189, 33, 6.0000, 4500.000),
(190, 34, 0.0000, 0.000), (191, 34, 3.0000, 2250.000), (192, 34, 6.0000, 4500.000),
(193, 35, 0.0000, 0.000), (194, 35, 2.0000, 1250.000), (195, 35, 4.0000, 2500.000),
(196, 36, 0.0000, 0.000), (197, 36, 1.5000, 400.000), (198, 36, 3.0000, 800.000);

-- -----------------------------------------------------
-- TANK_STABILITY_CURVE
-- -----------------------------------------------------
INSERT INTO tank_stability_curve (id, id_tank, volume_m3, liquid_lcg, liquid_vcg, liquid_tcg, fsm_t_m) VALUES
(1, 1, 0.000, 0.0000, 0.0000, 0.0000, 0.000000),
(2, 1, 1250.000, -5.0000, 3.1500, 0.0000, 850.000000),
(3, 1, 2500.000, 0.0000, 0.0000, 0.0000, 0.000000),
(4, 2, 0.000, 0.0000, 0.0000, 0.0000, 0.000000),
(5, 2, 600.000, 12.0000, 2.8200, 1.2000, 120.000000),
(6, 2, 1200.000, 0.0000, 0.0000, 0.0000, 0.000000),

(20, 3, 0.000, 0.0000, 0.0000, 0.0000, 0.000000),
(21, 3, 2100.000, -35.0000, 2.9500, 0.0000, 1100.000000),
(22, 3, 4200.000, 0.0000, 0.0000, 0.0000, 0.000000),
(23, 4, 0.000, 0.0000, 0.0000, 0.0000, 0.000000),
(24, 4, 1050.000, 18.0000, 2.5800, 0.8000, 95.000000),
(25, 4, 2100.000, 0.0000, 0.0000, 0.0000, 0.000000),
(26, 5, 0.000, 0.0000, 0.0000, 0.0000, 0.000000),
(27, 5, 6000.000, 5.0000, 4.4800, 0.0000, 4200.000000),
(28, 5, 12000.000, 0.0000, 0.0000, 0.0000, 0.000000),
(29, 6, 0.000, 0.0000, 0.0000, 0.0000, 0.000000),
(30, 6, 4750.000, 45.0000, 4.1800, 0.0000, 3100.000000),
(31, 6, 9500.000, 0.0000, 0.0000, 0.0000, 0.000000),
(35, 7, 0.000, 0.0000, 0.0000, 0.0000, 0.000000),
(36, 7, 1750.000, -28.0000, 3.9800, 0.0000, 280.000000),
(37, 7, 3500.000, 0.0000, 0.0000, 0.0000, 0.000000),

(200, 8, 0.000, 0.0000, 0.0000, 0.0000, 0.000000),
(201, 8, 1400.000, -8.0000, 3.4000, 0.0000, 1200.000000),
(202, 8, 2800.000, 0.0000, 0.0000, 0.0000, 0.000000),
(203, 9, 0.000, 0.0000, 0.0000, 0.0000, 0.000000),
(204, 9, 900.000, -3.0000, 3.3000, -8.0000, 850.000000),
(205, 9, 1800.000, 0.0000, 0.0000, 0.0000, 0.000000),
(206, 10, 0.000, 0.0000, 0.0000, 0.0000, 0.000000),
(207, 10, 900.000, -3.0000, 3.3000, 8.0000, 850.000000),
(208, 10, 1800.000, 0.0000, 0.0000, 0.0000, 0.000000),
(209, 11, 0.000, 0.0000, 0.0000, 0.0000, 0.000000),
(210, 11, 475.000, 15.0000, 2.4500, 2.5000, 180.000000),
(211, 11, 950.000, 0.0000, 0.0000, 0.0000, 0.000000),
(212, 12, 0.000, 0.0000, 0.0000, 0.0000, 0.000000),
(213, 12, 125.000, -5.0000, 6.1000, 0.0000, 45.000000),
(214, 12, 250.000, 0.0000, 0.0000, 0.0000, 0.000000),

(215, 37, 0.000, 0.0000, 0.0000, 0.0000, 0.000000),
(216, 37, 25000.000, -20.0000, 7.9000, 0.0000, 18000.000000),
(217, 37, 50000.000, 0.0000, 0.0000, 0.0000, 0.000000),
(218, 38, 0.000, 0.0000, 0.0000, 0.0000, 0.000000),
(219, 38, 25000.000, 10.0000, 7.9000, 0.0000, 18000.000000),
(220, 38, 50000.000, 0.0000, 0.0000, 0.0000, 0.000000),

(251, 13, 0.000, 0.0000, 0.0000, 0.0000, 0.000000),
(252, 13, 3250.000, -15.5000, 2.7500, 0.0000, 2600.000000),
(253, 13, 6500.000, 0.0000, 0.0000, 0.0000, 0.000000),
(254, 14, 0.000, 0.0000, 0.0000, 0.0000, 0.000000),
(255, 14, 1100.000, -8.0000, 3.1500, -9.5000, 920.000000),
(256, 14, 2200.000, 0.0000, 0.0000, 0.0000, 0.000000),
(257, 15, 0.000, 0.0000, 0.0000, 0.0000, 0.000000),
(258, 15, 1100.000, -8.0000, 3.1500, 9.5000, 920.000000),
(259, 15, 2200.000, 0.0000, 0.0000, 0.0000, 0.000000),
(260, 16, 0.000, 0.0000, 0.0000, 0.0000, 0.000000),
(261, 16, 900.000, 22.0000, 3.1500, -9.5000, 750.000000),
(262, 16, 1800.000, 0.0000, 0.0000, 0.0000, 0.000000),
(263, 17, 0.000, 0.0000, 0.0000, 0.0000, 0.000000),
(264, 17, 900.000, 22.0000, 3.1500, 9.5000, 750.000000),
(265, 17, 1800.000, 0.0000, 0.0000, 0.0000, 0.000000),
(266, 18, 0.000, 0.0000, 0.0000, 0.0000, 0.000000),
(267, 18, 925.000, 28.5000, 2.1500, 3.2000, 180.000000),
(268, 18, 1850.000, 0.0000, 0.0000, 0.0000, 0.000000),
(269, 19, 0.000, 0.0000, 0.0000, 0.0000, 0.000000),
(270, 19, 225.000, -8.0000, 7.7500, 0.0000, 65.000000),
(271, 19, 450.000, 0.0000, 0.0000, 0.0000, 0.000000),

(272, 39, 0.000, 0.0000, 0.0000, 0.0000, 0.000000),
(273, 39, 4000.000, -10.0000, 4.9500, 0.0000, 2800.000000),
(274, 39, 8000.000, 0.0000, 0.0000, 0.0000, 0.000000),
(275, 40, 0.000, 0.0000, 0.0000, 0.0000, 0.000000),
(276, 40, 3000.000, 15.0000, 4.9500, 0.0000, 2100.000000),
(277, 40, 6000.000, 0.0000, 0.0000, 0.0000, 0.000000),

(224, 27, 0.000, 0.0000, 0.0000, 0.0000, 0.000000),
(225, 27, 20000.000, -35.0000, 10.2000, 0.0000, 18500.000000),
(226, 27, 40000.000, 0.0000, 0.0000, 0.0000, 0.000000),
(227, 28, 0.000, 0.0000, 0.0000, 0.0000, 0.000000),
(228, 28, 20000.000, 15.0000, 10.2000, 0.0000, 18500.000000),
(229, 28, 40000.000, 0.0000, 0.0000, 0.0000, 0.000000),

(278, 29, 0.000, 0.0000, 0.0000, 0.0000, 0.000000),
(279, 29, 1100.000, -6.5000, 2.1500, 0.0000, 180.000000),
(280, 29, 2200.000, 0.0000, 0.0000, 0.0000, 0.000000),
(281, 30, 0.000, 0.0000, 0.0000, 0.0000, 0.000000),
(282, 30, 225.000, 8.0000, 2.4500, 1.2000, 25.000000),
(283, 30, 450.000, 0.0000, 0.0000, 0.0000, 0.000000),
(284, 31, 0.000, 0.0000, 0.0000, 0.0000, 0.000000),
(285, 31, 60.000, -3.0000, 5.4500, 0.0000, 8.000000),
(286, 31, 120.000, 0.0000, 0.0000, 0.0000, 0.000000),
(230, 32, 0.000, 0.0000, 0.0000, 0.0000, 0.000000),
(231, 32, 4000.000, -20.0000, 4.4000, 0.0000, 3200.000000),
(232, 32, 8000.000, 0.0000, 0.0000, 0.0000, 0.000000),
(233, 33, 0.000, 0.0000, 0.0000, 0.0000, 0.000000),
(234, 33, 2250.000, -10.0000, 4.3000, -15.0000, 1800.000000),
(235, 33, 4500.000, 0.0000, 0.0000, 0.0000, 0.000000),
(236, 34, 0.000, 0.0000, 0.0000, 0.0000, 0.000000),
(237, 34, 2250.000, -10.0000, 4.3000, 15.0000, 1800.000000),
(238, 34, 4500.000, 0.0000, 0.0000, 0.0000, 0.000000),
(239, 35, 0.000, 0.0000, 0.0000, 0.0000, 0.000000),
(240, 35, 1250.000, 25.0000, 3.1500, 5.0000, 280.000000),
(241, 35, 2500.000, 0.0000, 0.0000, 0.0000, 0.000000),
(242, 36, 0.000, 0.0000, 0.0000, 0.0000, 0.000000),
(243, 36, 400.000, -15.0000, 8.4000, 0.0000, 120.000000),
(244, 36, 800.000, 0.0000, 0.0000, 0.0000, 0.000000);

-- -----------------------------------------------------
-- CONTAINER
-- -----------------------------------------------------
INSERT INTO container (registration, id_container_type, tare_weight, gross_weight, cg_offset_v_m) VALUES
-- Navio Alpha
('MSCU1111111', 1, 3.90, 22.50, 0.0000),
('MSCU2222222', 1, 3.90, 18.20, 0.0000),
('MSCU3333333', 1, 4.10, 20.10, 0.0200),
('MSCU4444444', 1, 3.85, 24.00, 0.0500),
('MSCU5555555', 1, 3.88, 22.00, 0.0000),
('MSCU6666666', 1, 3.92, 21.50, 0.0300),
('MSCU7777777', 1, 3.80, 15.00, 0.0100),

-- Contentores adicionais
('MAEU1234567', 2, 2.20, 18.50, 0.0000),
('MAEU1234568', 2, 2.20, 22.00, 0.0000),
('MAEU1234569', 3, 3.70, 26.50, 0.0100),
('MAEU1234570', 1, 3.90, 28.00, 0.0200),
('MAEU1234571', 4, 2.40, 21.50, 0.0000),
('MAEU1234572', 5, 4.10, 25.00, 0.0300),
('MAEU1234573', 5, 4.10, 22.00, 0.0000),

('SCXU9876543', 1, 3.85, 24.50, 0.0100),
('SCXU9876544', 1, 3.90, 20.00, 0.0000),
('SCXU9876545', 2, 2.15, 16.80, 0.0000),
('SCXU9876546', 3, 3.75, 27.00, 0.0200),
('SCXU9876547', 1, 3.88, 23.50, 0.0000),

('ONEU4444111', 1, 3.92, 25.00, 0.0100),
('ONEU4444112', 5, 4.20, 28.00, 0.0400),
('ONEU4444113', 2, 2.18, 19.50, 0.0000),
('ONEU4444114', 1, 3.87, 26.00, 0.0000),
('ONEU4444115', 3, 3.72, 24.00, 0.0100),
('ONEU4444116', 4, 2.35, 23.00, 0.0000),

('HLCU8888881', 1, 3.95, 27.50, 0.0200),
('HLCU8888882', 1, 3.88, 21.50, 0.0000),
('HLCU8888883', 2, 2.22, 17.50, 0.0000),
('HLCU8888884', 5, 4.15, 24.00, 0.0300),

('COSU5555111', 1, 3.90, 22.00, 0.0000),
('COSU5555112', 1, 3.85, 19.80, 0.0100),
('COSU5555113', 2, 2.20, 18.00, 0.0000),
('COSU5555114', 3, 3.80, 25.50, 0.0000),

('APLU9999991', 1, 3.92, 24.00, 0.0100),
('APLU9999992', 4, 2.38, 22.00, 0.0000),
('APLU9999993', 5, 4.08, 26.00, 0.0200),
('APLU9999994', 1, 3.86, 23.00, 0.0000);

-- -----------------------------------------------------
-- CONTAINER_SLOT
-- -----------------------------------------------------
-- Navio 1 (Alpha)
INSERT INTO container_slot (id, id_ship, bay, row, tier, max_weight, slot_lcg, slot_vcg, slot_tcg) VALUES
(1, 1, 12, 2, 4, 32.00, 15.5000, 18.2000, -2.4000),
(2, 1, 12, 2, 3, 32.00, 15.5000, 15.3000, -2.4000),
(3, 1, 14, 1, 2, 32.00, 22.0000, 12.1000, 0.0000),
(4, 1, 14, 1, 3, 32.00, 22.0000, 15.2000, 0.0000),
(5, 1, 14, 2, 2, 32.00, 22.0000, 12.1000, 2.4000),
(6, 1, 16, 1, 2, 32.00, 28.0000, 12.1000, 0.0000),
(7, 1, 16, 1, 3, 32.00, 28.0000, 15.2000, 0.0000),
(8, 1, 12, 1, 2, 32.00, 15.5000, 12.1000, 0.0000),
(9, 1, 12, 3, 2, 32.00, 15.5000, 12.1000, 4.8000),
(10, 1, 14, 2, 3, 32.00, 22.0000, 15.2000, 2.4000),
(11, 1, 16, 2, 2, 32.00, 28.0000, 12.1000, 2.4000),
(12, 1, 16, 2, 3, 32.00, 28.0000, 15.2000, 2.4000),
(13, 1, 18, 1, 2, 32.00, 34.0000, 12.1000, 0.0000),
(14, 1, 18, 1, 3, 32.00, 34.0000, 15.2000, 0.0000),
(15, 1, 18, 2, 2, 32.00, 34.0000, 12.1000, 2.4000);

-- Navio 7 (Feeder)
INSERT INTO container_slot (id, id_ship, bay, row, tier, max_weight, slot_lcg, slot_vcg, slot_tcg) VALUES
(16, 7, 5, 1, 2, 28.00, -18.0000, 6.8000, 0.0000),
(17, 7, 5, 2, 2, 28.00, -18.0000, 6.8000, -1.5000),
(18, 7, 5, 3, 2, 28.00, -18.0000, 6.8000, 1.5000),
(19, 7, 8, 1, 2, 28.00, -5.0000, 6.8000, 0.0000),
(20, 7, 8, 2, 2, 28.00, -5.0000, 6.8000, -1.5000),
(21, 7, 8, 3, 2, 28.00, -5.0000, 6.8000, 1.5000),
(22, 7, 11, 1, 2, 28.00, 8.0000, 6.8000, 0.0000),
(23, 7, 11, 2, 2, 28.00, 8.0000, 6.8000, -1.5000),
(24, 7, 11, 3, 2, 28.00, 8.0000, 6.8000, 1.5000);

-- -----------------------------------------------------
-- SAILING
-- -----------------------------------------------------
INSERT INTO sailing (id, id_ship, id_route, id_weather_condition, fuel_price_per_ton, estimated_arrival_time, water_density_kg_m3) VALUES
(1, 1, 1, 1, 685.00, '2026-05-15 08:00:00', 1025.00),
(2, 2, 2, 2, 672.00, '2026-06-10 06:00:00', 1025.00),
(3, 1, 3, 1, 688.00, '2026-07-22 14:00:00', 1025.00),
(4, 2, 2, 2, 670.00, '2026-08-01 06:00:00', 1025.00),
(5, 1, 4, 3, 680.00, '2026-01-15 10:00:00', 1025.00),
(6, 1, 6, 1, 690.00, '2026-02-20 14:30:00', 1025.00),
(7, 1, 1, 1, 685.00, '2026-03-10 08:00:00', 1025.00),
(8, 1, 3, 1, 688.00, '2026-04-05 16:00:00', 1025.00),
(9, 2, 5, 2, 675.00, '2026-01-25 09:00:00', 1025.00),
(10, 2, 8, 1, 690.00, '2026-03-15 07:00:00', 1025.00),
(11, 2, 2, 2, 672.00, '2026-04-20 11:00:00', 1025.00),
(12, 3, 4, 3, 650.00, '2026-02-05 08:30:00', 1025.00),
(13, 3, 6, 1, 660.00, '2026-03-18 15:00:00', 1025.00),
(14, 3, 12, 2, 645.00, '2026-05-02 09:00:00', 1025.00),
(15, 3, 4, 1, 655.00, '2026-06-12 17:00:00', 1025.00),
(16, 4, 5, 1, 660.00, '2026-01-30 07:00:00', 1025.00),
(17, 4, 10, 2, 670.00, '2026-03-22 14:00:00', 1025.00),
(18, 4, 8, 1, 680.00, '2026-05-10 08:00:00', 1025.00),
(19, 5, 12, 2, 630.00, '2026-02-12 10:00:00', 1025.00),
(20, 5, 7, 2, 620.00, '2026-03-25 13:00:00', 1025.00),
(21, 5, 4, 1, 640.00, '2026-05-18 09:30:00', 1025.00),
(22, 6, 5, 3, 690.00, '2026-03-05 06:00:00', 1025.00),
(23, 6, 8, 2, 695.00, '2026-06-20 11:00:00', 1025.00),
(24, 7, 7, 2, 610.00, '2026-01-18 14:00:00', 1025.00),
(25, 7, 4, 1, 615.00, '2026-02-28 09:00:00', 1025.00),
(26, 7, 7, 2, 608.00, '2026-03-30 16:00:00', 1025.00),
(27, 7, 12, 2, 612.00, '2026-04-25 10:30:00', 1025.00),
(28, 7, 7, 1, 614.00, '2026-06-05 08:00:00', 1025.00);

-- -----------------------------------------------------
-- SHIPMENT
-- -----------------------------------------------------

INSERT INTO shipment (id, id_sailing, id_cargo) VALUES
(1, 1, 1), (2, 1, 2), (3, 1, 4), (4, 1, 7), (5, 1, 10),
(6, 1, 16), (7, 1, 19), (8, 1, 24);

INSERT INTO shipment (id, id_sailing, id_cargo) VALUES
(9, 2, 40),
(10, 2, 41), 
(11, 2, 39), 
(12, 2, 42);

INSERT INTO shipment (id, id_sailing, id_cargo) VALUES
(13, 12, 34),
(14, 12, 35),
(15, 12, 36),
(16, 12, 37),
(17, 12, 38);

INSERT INTO shipment (id, id_sailing, id_cargo) VALUES
(18, 16, 7),
(19, 16, 8),
(20, 16, 30),
(21, 16, 32),
(22, 16, 33);

INSERT INTO shipment (id, id_sailing, id_cargo) VALUES
(23, 19, 50),
(24, 19, 51);

INSERT INTO shipment (id, id_sailing, id_cargo) VALUES
(25, 6, 47),
(26, 6, 48),
(27, 6, 49),
(28, 6, 20),
(29, 6, 23);

INSERT INTO shipment (id, id_sailing, id_cargo) VALUES
(30, 7, 43),
(31, 7, 45),
(32, 7, 46);

INSERT INTO shipment (id, id_sailing, id_cargo) VALUES
(33, 8, 47),
(34, 8, 48),
(35, 8, 49);

-- -----------------------------------------------------
-- CONTAINER_STORAGE
-- -----------------------------------------------------
INSERT INTO container_storage (id, id_container_slot, container_registration, id_shipment) VALUES
(1, 1, 'MSCU1111111', 1),
(2, 2, 'MSCU2222222', 2),
(3, 3, 'MSCU3333333', 3),
(4, 4, 'MSCU4444444', 4),
(5, 5, 'MSCU5555555', 5),
(6, 6, 'MSCU6666666', 6),
(7, 7, 'MSCU7777777', 7),
(8, 8, 'MAEU1234567', 8);

-- -----------------------------------------------------
-- LIQUID_STORAGE
-- -----------------------------------------------------
INSERT INTO liquid_storage (id, id_shipment, id_tank, volume_m3, cargo_density_kg_m3) VALUES
(1, 13, 37, 40000, 850),
(2, 14, 38, 45000, 880),
(3, 15, 37, 35000, 820),
(4, 16, 38, 30000, 870),
(5, 17, 37, 25000, 800),
(6, 18, 39, 5000, 1100),
(7, 19, 40, 4000, 1050),
(8, 20, 39, 3000, 1080),
(9, 21, 40, 3500, 1120),
(10, 22, 39, 2000, 1150),
(11, 23, 27, 40000, 450),
(12, 24, 28, 50000, 480);

-- -----------------------------------------------------
-- SHIP_HYDROSTATIC_CURVE
-- -----------------------------------------------------
INSERT INTO ship_hydrostatic_curve (id, id_ship, displacement, draft, KM, KB, LCB, TPC, MCTC) VALUES
-- Navio 1
(1, 1, 15000.00, 8.50, 12.80, 4.60, 0.50, 42.00, 850.00),
(2, 1, 25000.00, 11.20, 11.50, 5.80, 1.20, 48.00, 920.00),
(3, 1, 35000.00, 13.80, 10.40, 6.90, 1.80, 52.00, 980.00),
(4, 1, 45000.00, 14.70, 9.90, 7.40, 2.10, 54.00, 1000.00),

-- Navio 2
(5, 2, 28000.00, 9.20, 11.20, 5.10, 1.00, 55.00, 1050.00),
(6, 2, 45000.00, 11.50, 10.10, 6.20, 1.60, 62.00, 1180.00),
(7, 2, 62000.00, 13.40, 9.40, 7.00, 2.00, 66.00, 1250.00),
(8, 2, 78000.00, 14.80, 8.90, 7.60, 2.30, 68.00, 1280.00),

-- Navio 3
(9, 3, 15000.00, 6.50, 11.20, 4.20, -2.50, 38.00, 720.00),
(10, 3, 25000.00, 8.80, 10.40, 5.10, -1.80, 44.00, 810.00),
(11, 3, 35000.00, 11.00, 9.70, 5.90, -1.00, 48.00, 880.00),
(12, 3, 42000.00, 12.50, 9.20, 6.40, -0.50, 50.00, 920.00),

-- Navio 4
(13, 4, 35000.00, 8.20, 12.50, 4.80, 2.20, 65.00, 1250.00),
(14, 4, 55000.00, 10.50, 11.20, 5.70, 2.80, 72.00, 1380.00),
(15, 4, 75000.00, 13.00, 10.40, 6.50, 3.20, 78.00, 1460.00),
(16, 4, 95000.00, 15.50, 9.80, 7.20, 3.60, 82.00, 1520.00),

-- Navio 5
(17, 5, 15000.00, 5.50, 14.20, 3.80, -4.50, 42.00, 880.00),
(18, 5, 22000.00, 7.20, 13.80, 4.60, -4.00, 46.00, 950.00),
(19, 5, 29000.00, 9.00, 13.40, 5.20, -3.60, 49.00, 1010.00),

-- Navio 6
(20, 6, 45000.00, 7.00, 15.50, 4.20, 1.20, 98.00, 2450.00),
(21, 6, 65000.00, 8.80, 14.80, 5.10, 1.50, 105.00, 2620.00),
(22, 6, 85000.00, 10.20, 14.20, 5.80, 1.80, 110.00, 2750.00),
(23, 6, 105000.00, 11.50, 13.70, 6.40, 2.00, 114.00, 2850.00),

-- Navio 7
(24, 7, 8000.00, 5.50, 8.20, 3.20, -1.50, 22.00, 340.00),
(25, 7, 12000.00, 7.00, 7.60, 4.00, -1.00, 25.00, 380.00),
(26, 7, 16000.00, 8.20, 7.10, 4.60, -0.60, 27.00, 410.00),
(27, 7, 19500.00, 9.20, 6.70, 5.10, -0.20, 28.50, 435.00),

-- Navio 8
(28, 8, 50000.00, 6.00, 18.50, 5.20, 2.50, 120.00, 3600.00),
(29, 8, 75000.00, 7.50, 17.80, 6.10, 3.00, 135.00, 4050.00),
(30, 8, 100000.00, 9.00, 17.20, 6.80, 3.50, 145.00, 4350.00),
(31, 8, 125000.00, 10.00, 16.70, 7.30, 4.00, 150.00, 4500.00);

-- -----------------------------------------------------
-- SHIP_PHOTO
-- -----------------------------------------------------
INSERT INTO ship_photo (id, id_ship, url) VALUES
(1, 1, 'imgs/ever_ace.png'),
(2, 2, 'imgs/vale_brasil.png'),
(3, 3, 'imgs/ti_europe.jpg'),
(4, 4, 'imgs/stolt_sapphire.jpg'),
(5, 5, 'imgs/al_samriya.jpg'),
(6, 6, 'imgs/bbc_houston.jpg'),
(7, 7, 'imgs/hoegh_trapper.jpg'),
(8, 8, 'imgs/pioneering_spirit.jpg');